nombres d'onde en cm-1;transmission %
4000;71,91
3999;71,93
3998;71,94
3997;71,94
3996;71,94
3995;71,94
3994;71,93
3993;71,92
3992;71,91
3991;71,89
3990;71,87
3989;71,85
3988;71,83
3987;71,81
3986;71,79
3985;71,76
3984;71,73
3983;71,7
3982;71,67
3981;71,64
3980;71,61
3979;71,6
3978;71,6
3977;71,62
3976;71,65
3975;71,69
3974;71,74
3973;71,81
3972;71,87
3971;71,95
3970;72,02
3969;72,09
3968;72,16
3967;72,23
3966;72,3
3965;72,37
3964;72,43
3963;72,49
3962;72,55
3961;72,6
3960;72,65
3959;72,69
3958;72,72
3957;72,75
3956;72,77
3955;72,78
3954;72,79
3953;72,79
3952;72,78
3951;72,77
3950;72,76
3949;72,74
3948;72,73
3947;72,71
3946;72,7
3945;72,68
3944;72,67
3943;72,66
3942;72,64
3941;72,63
3940;72,6
3939;72,56
3938;72,51
3937;72,45
3936;72,38
3935;72,29
3934;72,2
3933;72,11
3932;72,03
3931;71,96
3930;71,9
3929;71,86
3928;71,82
3927;71,8
3926;71,78
3925;71,76
3924;71,74
3923;71,72
3922;71,69
3921;71,66
3920;71,64
3919;71,6
3918;71,57
3917;71,55
3916;71,52
3915;71,5
3914;71,5
3913;71,51
3912;71,54
3911;71,58
3910;71,63
3909;71,68
3908;71,73
3907;71,78
3906;71,82
3905;71,85
3904;71,87
3903;71,89
3902;71,9
3901;71,91
3900;71,93
3899;71,94
3898;71,96
3897;71,98
3896;72
3895;72,01
3894;72,03
3893;72,05
3892;72,07
3891;72,1
3890;72,11
3889;72,13
3888;72,15
3887;72,17
3886;72,19
3885;72,22
3884;72,24
3883;72,25
3882;72,27
3881;72,28
3880;72,3
3879;72,32
3878;72,34
3877;72,36
3876;72,38
3875;72,4
3874;72,43
3873;72,46
3872;72,51
3871;72,57
3870;72,65
3869;72,75
3868;72,85
3867;72,95
3866;73,05
3865;73,15
3864;73,25
3863;73,34
3862;73,42
3861;73,48
3860;73,55
3859;73,6
3858;73,65
3857;73,69
3856;73,73
3855;73,76
3854;73,8
3853;73,82
3852;73,83
3851;73,85
3850;73,87
3849;73,89
3848;73,9
3847;73,92
3846;73,93
3845;73,95
3844;73,96
3843;73,97
3842;73,98
3841;73,98
3840;73,99
3839;74
3838;74
3837;74,01
3836;74,01
3835;74,02
3834;74,02
3833;74,03
3832;74,04
3831;74,05
3830;74,05
3829;74,06
3828;74,06
3827;74,07
3826;74,07
3825;74,08
3824;74,08
3823;74,08
3822;74,08
3821;74,09
3820;74,09
3819;74,09
3818;74,09
3817;74,1
3816;74,11
3815;74,13
3814;74,16
3813;74,19
3812;74,23
3811;74,29
3810;74,36
3809;74,45
3808;74,55
3807;74,67
3806;74,78
3805;74,88
3804;74,98
3803;75,08
3802;75,18
3801;75,27
3800;75,35
3799;75,42
3798;75,48
3797;75,55
3796;75,61
3795;75,67
3794;75,72
3793;75,78
3792;75,83
3791;75,87
3790;75,92
3789;75,97
3788;76,01
3787;76,05
3786;76,09
3785;76,13
3784;76,17
3783;76,21
3782;76,24
3781;76,28
3780;76,31
3779;76,35
3778;76,39
3777;76,43
3776;76,46
3775;76,49
3774;76,52
3773;76,55
3772;76,58
3771;76,6
3770;76,64
3769;76,66
3768;76,69
3767;76,72
3766;76,75
3765;76,78
3764;76,82
3763;76,85
3762;76,87
3761;76,9
3760;76,93
3759;76,96
3758;76,99
3757;77,02
3756;77,04
3755;77,06
3754;77,08
3753;77,09
3752;77,11
3751;77,12
3750;77,14
3749;77,15
3748;77,17
3747;77,18
3746;77,19
3745;77,2
3744;77,2
3743;77,21
3742;77,21
3741;77,21
3740;77,21
3739;77,21
3738;77,2
3737;77,19
3736;77,19
3735;77,18
3734;77,17
3733;77,16
3732;77,15
3731;77,14
3730;77,14
3729;77,13
3728;77,13
3727;77,12
3726;77,12
3725;77,13
3724;77,13
3723;77,13
3722;77,13
3721;77,13
3720;77,13
3719;77,12
3718;77,11
3717;77,1
3716;77,09
3715;77,06
3714;77,03
3713;76,99
3712;76,94
3711;76,88
3710;76,84
3709;76,8
3708;76,77
3707;76,73
3706;76,69
3705;76,63
3704;76,56
3703;76,51
3702;76,46
3701;76,41
3700;76,37
3699;76,33
3698;76,28
3697;76,24
3696;76,2
3695;76,16
3694;76,12
3693;76,08
3692;76,04
3691;76,01
3690;75,98
3689;75,95
3688;75,92
3687;75,9
3686;75,88
3685;75,86
3684;75,84
3683;75,82
3682;75,8
3681;75,78
3680;75,75
3679;75,72
3678;75,69
3677;75,65
3676;75,61
3675;75,57
3674;75,53
3673;75,49
3672;75,45
3671;75,41
3670;75,37
3669;75,32
3668;75,27
3667;75,22
3666;75,17
3665;75,11
3664;75,05
3663;74,98
3662;74,9
3661;74,82
3660;74,73
3659;74,62
3658;74,51
3657;74,38
3656;74,25
3655;74,11
3654;73,98
3653;73,84
3652;73,69
3651;73,54
3650;73,38
3649;73,22
3648;73,07
3647;72,96
3646;72,88
3645;72,83
3644;72,83
3643;72,87
3642;72,96
3641;73,1
3640;73,26
3639;73,45
3638;73,65
3637;73,85
3636;74,03
3635;74,2
3634;74,34
3633;74,46
3632;74,55
3631;74,61
3630;74,66
3629;74,68
3628;74,69
3627;74,67
3626;74,64
3625;74,59
3624;74,52
3623;74,44
3622;74,33
3621;74,2
3620;74,03
3619;73,83
3618;73,6
3617;73,34
3616;73,06
3615;72,73
3614;72,37
3613;71,98
3612;71,58
3611;71,16
3610;70,74
3609;70,32
3608;69,94
3607;69,62
3606;69,38
3605;69,24
3604;69,22
3603;69,36
3602;69,67
3601;70,14
3600;70,75
3599;71,45
3598;72,19
3597;72,94
3596;73,65
3595;74,33
3594;74,93
3593;75,46
3592;75,92
3591;76,3
3590;76,63
3589;76,92
3588;77,19
3587;77,42
3586;77,62
3585;77,79
3584;77,93
3583;78,05
3582;78,16
3581;78,25
3580;78,33
3579;78,4
3578;78,46
3577;78,52
3576;78,57
3575;78,62
3574;78,67
3573;78,72
3572;78,76
3571;78,8
3570;78,84
3569;78,87
3568;78,91
3567;78,95
3566;79
3565;79,04
3564;79,09
3563;79,14
3562;79,18
3561;79,22
3560;79,26
3559;79,3
3558;79,33
3557;79,36
3556;79,39
3555;79,41
3554;79,44
3553;79,46
3552;79,47
3551;79,48
3550;79,49
3549;79,49
3548;79,5
3547;79,5
3546;79,5
3545;79,5
3544;79,5
3543;79,49
3542;79,48
3541;79,47
3540;79,46
3539;79,45
3538;79,44
3537;79,44
3536;79,43
3535;79,42
3534;79,41
3533;79,39
3532;79,38
3531;79,37
3530;79,36
3529;79,35
3528;79,34
3527;79,33
3526;79,33
3525;79,32
3524;79,31
3523;79,3
3522;79,28
3521;79,26
3520;79,24
3519;79,23
3518;79,21
3517;79,19
3516;79,18
3515;79,16
3514;79,14
3513;79,11
3512;79,08
3511;79,05
3510;79,02
3509;78,99
3508;78,96
3507;78,94
3506;78,91
3505;78,89
3504;78,87
3503;78,84
3502;78,82
3501;78,79
3500;78,76
3499;78,73
3498;78,7
3497;78,67
3496;78,63
3495;78,59
3494;78,55
3493;78,51
3492;78,46
3491;78,41
3490;78,37
3489;78,31
3488;78,26
3487;78,2
3486;78,12
3485;78,04
3484;77,95
3483;77,85
3482;77,75
3481;77,63
3480;77,5
3479;77,35
3478;77,18
3477;76,99
3476;76,78
3475;76,55
3474;76,3
3473;76,04
3472;75,76
3471;75,48
3470;75,19
3469;74,9
3468;74,61
3467;74,31
3466;74,03
3465;73,78
3464;73,55
3463;73,35
3462;73,2
3461;73,07
3460;72,98
3459;72,92
3458;72,89
3457;72,89
3456;72,93
3455;72,99
3454;73,08
3453;73,19
3452;73,32
3451;73,46
3450;73,61
3449;73,78
3448;73,94
3447;74,11
3446;74,28
3445;74,45
3444;74,61
3443;74,77
3442;74,93
3441;75,08
3440;75,23
3439;75,37
3438;75,5
3437;75,62
3436;75,73
3435;75,82
3434;75,9
3433;75,98
3432;76,05
3431;76,12
3430;76,19
3429;76,25
3428;76,29
3427;76,34
3426;76,37
3425;76,4
3424;76,42
3423;76,44
3422;76,44
3421;76,45
3420;76,44
3419;76,42
3418;76,4
3417;76,36
3416;76,32
3415;76,28
3414;76,22
3413;76,15
3412;76,06
3411;75,95
3410;75,83
3409;75,69
3408;75,53
3407;75,35
3406;75,16
3405;74,95
3404;74,74
3403;74,51
3402;74,28
3401;74,06
3400;73,84
3399;73,64
3398;73,48
3397;73,36
3396;73,31
3395;73,3
3394;73,36
3393;73,45
3392;73,57
3391;73,7
3390;73,85
3389;73,99
3388;74,13
3387;74,26
3386;74,39
3385;74,5
3384;74,6
3383;74,7
3382;74,78
3381;74,85
3380;74,91
3379;74,96
3378;75
3377;75,03
3376;75,06
3375;75,09
3374;75,12
3373;75,16
3372;75,2
3371;75,25
3370;75,3
3369;75,36
3368;75,43
3367;75,49
3366;75,56
3365;75,63
3364;75,7
3363;75,78
3362;75,86
3361;75,93
3360;76,01
3359;76,08
3358;76,14
3357;76,21
3356;76,27
3355;76,34
3354;76,4
3353;76,47
3352;76,53
3351;76,59
3350;76,64
3349;76,69
3348;76,74
3347;76,78
3346;76,83
3345;76,87
3344;76,92
3343;76,96
3342;77
3341;77,04
3340;77,07
3339;77,11
3338;77,14
3337;77,17
3336;77,2
3335;77,23
3334;77,26
3333;77,29
3332;77,31
3331;77,34
3330;77,37
3329;77,4
3328;77,43
3327;77,45
3326;77,48
3325;77,5
3324;77,52
3323;77,54
3322;77,56
3321;77,58
3320;77,6
3319;77,62
3318;77,64
3317;77,66
3316;77,68
3315;77,7
3314;77,72
3313;77,74
3312;77,76
3311;77,79
3310;77,81
3309;77,83
3308;77,85
3307;77,87
3306;77,89
3305;77,9
3304;77,91
3303;77,91
3302;77,92
3301;77,92
3300;77,93
3299;77,94
3298;77,95
3297;77,96
3296;77,98
3295;77,98
3294;77,99
3293;77,99
3292;78
3291;78
3290;78,01
3289;78,01
3288;78,02
3287;78,02
3286;78,03
3285;78,04
3284;78,05
3283;78,05
3282;78,06
3281;78,06
3280;78,06
3279;78,07
3278;78,07
3277;78,08
3276;78,09
3275;78,09
3274;78,09
3273;78,1
3272;78,1
3271;78,1
3270;78,11
3269;78,1
3268;78,1
3267;78,1
3266;78,1
3265;78,1
3264;78,09
3263;78,09
3262;78,09
3261;78,09
3260;78,09
3259;78,09
3258;78,09
3257;78,09
3256;78,09
3255;78,08
3254;78,08
3253;78,07
3252;78,06
3251;78,06
3250;78,05
3249;78,04
3248;78,03
3247;78,02
3246;78
3245;77,99
3244;77,97
3243;77,95
3242;77,94
3241;77,91
3240;77,89
3239;77,87
3238;77,84
3237;77,82
3236;77,79
3235;77,77
3234;77,74
3233;77,71
3232;77,68
3231;77,64
3230;77,6
3229;77,56
3228;77,52
3227;77,48
3226;77,45
3225;77,41
3224;77,36
3223;77,32
3222;77,28
3221;77,23
3220;77,19
3219;77,14
3218;77,09
3217;77,04
3216;76,99
3215;76,94
3214;76,88
3213;76,82
3212;76,76
3211;76,7
3210;76,64
3209;76,57
3208;76,5
3207;76,43
3206;76,37
3205;76,3
3204;76,23
3203;76,15
3202;76,08
3201;76,01
3200;75,93
3199;75,86
3198;75,79
3197;75,72
3196;75,65
3195;75,58
3194;75,52
3193;75,45
3192;75,4
3191;75,34
3190;75,29
3189;75,25
3188;75,2
3187;75,16
3186;75,13
3185;75,1
3184;75,08
3183;75,05
3182;75,03
3181;75,01
3180;75
3179;74,98
3178;74,97
3177;74,96
3176;74,94
3175;74,93
3174;74,92
3173;74,9
3172;74,89
3171;74,88
3170;74,86
3169;74,84
3168;74,82
3167;74,8
3166;74,78
3165;74,75
3164;74,72
3163;74,7
3162;74,67
3161;74,64
3160;74,61
3159;74,58
3158;74,54
3157;74,51
3156;74,47
3155;74,44
3154;74,4
3153;74,36
3152;74,32
3151;74,27
3150;74,22
3149;74,17
3148;74,12
3147;74,06
3146;74,01
3145;73,95
3144;73,89
3143;73,83
3142;73,77
3141;73,71
3140;73,64
3139;73,57
3138;73,49
3137;73,41
3136;73,32
3135;73,23
3134;73,14
3133;73,05
3132;72,95
3131;72,86
3130;72,75
3129;72,64
3128;72,52
3127;72,4
3126;72,27
3125;72,13
3124;71,99
3123;71,85
3122;71,7
3121;71,54
3120;71,38
3119;71,21
3118;71,04
3117;70,85
3116;70,66
3115;70,46
3114;70,25
3113;70,03
3112;69,8
3111;69,56
3110;69,3
3109;69,04
3108;68,76
3107;68,46
3106;68,14
3105;67,8
3104;67,44
3103;67,06
3102;66,65
3101;66,22
3100;65,75
3099;65,25
3098;64,71
3097;64,15
3096;63,57
3095;62,97
3094;62,36
3093;61,77
3092;61,19
3091;60,63
3090;60,11
3089;59,63
3088;59,18
3087;58,77
3086;58,4
3085;58,06
3084;57,75
3083;57,46
3082;57,19
3081;56,93
3080;56,68
3079;56,43
3078;56,19
3077;55,95
3076;55,7
3075;55,46
3074;55,22
3073;54,97
3072;54,72
3071;54,46
3070;54,2
3069;53,93
3068;53,66
3067;53,37
3066;53,07
3065;52,77
3064;52,45
3063;52,13
3062;51,81
3061;51,48
3060;51,14
3059;50,8
3058;50,44
3057;50,08
3056;49,7
3055;49,32
3054;48,92
3053;48,52
3052;48,1
3051;47,68
3050;47,24
3049;46,79
3048;46,33
3047;45,86
3046;45,37
3045;44,88
3044;44,37
3043;43,86
3042;43,33
3041;42,79
3040;42,25
3039;41,7
3038;41,16
3037;40,61
3036;40,07
3035;39,54
3034;39,02
3033;38,5
3032;37,99
3031;37,5
3030;37,01
3029;36,53
3028;36,05
3027;35,59
3026;35,13
3025;34,67
3024;34,23
3023;33,79
3022;33,37
3021;32,95
3020;32,53
3019;32,13
3018;31,72
3017;31,32
3016;30,92
3015;30,51
3014;30,11
3013;29,7
3012;29,29
3011;28,88
3010;28,47
3009;28,05
3008;27,61
3007;27,17
3006;26,7
3005;26,22
3004;25,71
3003;25,19
3002;24,64
3001;24,08
3000;23,49
2999;22,89
2998;22,27
2997;21,62
2996;20,96
2995;20,27
2994;19,56
2993;18,83
2992;18,09
2991;17,32
2990;16,53
2989;15,72
2988;14,9
2987;14,06
2986;13,21
2985;12,35
2984;11,48
2983;10,61
2982;9,73
2981;8,86
2980;8
2979;7,15
2978;6,32
2977;5,53
2976;4,77
2975;4,06
2974;3,41
2973;2,82
2972;2,29
2971;1,84
2970;1,45
2969;1,12
2968;0,86
2967;0,65
2966;0,48
2965;0,36
2964;0,26
2963;0,2
2962;0,14
2961;0,11
2960;0,08
2959;0,07
2958;0,05
2957;0,04
2956;0,03
2955;0,02
2954;0,02
2953;0,01
2952;0,01
2951;0,01
2950;0,01
2949;0,01
2948;0
2947;0
2946;0
2945;0
2944;0
2943;0
2942;0
2941;0
2940;0
2939;0
2938;0
2937;0
2936;0
2935;0
2934;0
2933;0
2932;0
2931;0
2930;0
2929;0
2928;0
2927;0
2926;0
2925;0
2924;0
2923;0
2922;0
2921;0
2920;0
2919;0,01
2918;0
2917;0
2916;0
2915;0
2914;0
2913;0
2912;0
2911;0
2910;0
2909;0
2908;0
2907;0
2906;0
2905;0
2904;0
2903;0
2902;0
2901;0
2900;0
2899;0
2898;0
2897;0
2896;0
2895;0
2894;0
2893;0
2892;0
2891;0
2890;0
2889;0
2888;0
2887;0
2886;0
2885;0
2884;0
2883;0
2882;0
2881;0,01
2880;0,01
2879;0,01
2878;0,01
2877;0
2876;0
2875;0
2874;0
2873;0
2872;0,01
2871;0,01
2870;0,01
2869;0,01
2868;0,01
2867;0,01
2866;0,01
2865;0,01
2864;0,01
2863;0,01
2862;0,01
2861;0,01
2860;0,01
2859;0,01
2858;0,01
2857;0,01
2856;0,02
2855;0,02
2854;0,02
2853;0,02
2852;0,02
2851;0,02
2850;0,02
2849;0,02
2848;0,02
2847;0,02
2846;0,02
2845;0,02
2844;0,02
2843;0,02
2842;0,02
2841;0,02
2840;0,02
2839;0,03
2838;0,04
2837;0,06
2836;0,1
2835;0,15
2834;0,22
2833;0,33
2832;0,45
2831;0,61
2830;0,8
2829;1,01
2828;1,26
2827;1,54
2826;1,84
2825;2,17
2824;2,52
2823;2,9
2822;3,3
2821;3,72
2820;4,15
2819;4,6
2818;5,06
2817;5,53
2816;6,02
2815;6,52
2814;7,02
2813;7,54
2812;8,06
2811;8,59
2810;9,13
2809;9,68
2808;10,23
2807;10,79
2806;11,35
2805;11,93
2804;12,51
2803;13,1
2802;13,7
2801;14,31
2800;14,94
2799;15,57
2798;16,21
2797;16,87
2796;17,54
2795;18,23
2794;18,93
2793;19,64
2792;20,37
2791;21,1
2790;21,85
2789;22,6
2788;23,36
2787;24,11
2786;24,86
2785;25,61
2784;26,35
2783;27,07
2782;27,78
2781;28,47
2780;29,14
2779;29,79
2778;30,41
2777;31,01
2776;31,58
2775;32,12
2774;32,64
2773;33,13
2772;33,59
2771;34,03
2770;34,44
2769;34,82
2768;35,19
2767;35,53
2766;35,84
2765;36,15
2764;36,44
2763;36,72
2762;36,99
2761;37,26
2760;37,52
2759;37,78
2758;38,02
2757;38,26
2756;38,49
2755;38,71
2754;38,91
2753;39,09
2752;39,24
2751;39,37
2750;39,47
2749;39,53
2748;39,58
2747;39,59
2746;39,59
2745;39,58
2744;39,57
2743;39,57
2742;39,57
2741;39,58
2740;39,61
2739;39,66
2738;39,72
2737;39,8
2736;39,9
2735;40,03
2734;40,16
2733;40,32
2732;40,49
2731;40,67
2730;40,87
2729;41,08
2728;41,31
2727;41,55
2726;41,8
2725;42,05
2724;42,3
2723;42,55
2722;42,79
2721;43,02
2720;43,25
2719;43,46
2718;43,67
2717;43,88
2716;44,07
2715;44,26
2714;44,45
2713;44,63
2712;44,81
2711;44,99
2710;45,16
2709;45,33
2708;45,5
2707;45,67
2706;45,83
2705;45,98
2704;46,13
2703;46,26
2702;46,37
2701;46,46
2700;46,52
2699;46,55
2698;46,55
2697;46,5
2696;46,42
2695;46,31
2694;46,16
2693;45,99
2692;45,81
2691;45,61
2690;45,41
2689;45,21
2688;45,01
2687;44,83
2686;44,66
2685;44,5
2684;44,36
2683;44,22
2682;44,1
2681;43,98
2680;43,87
2679;43,76
2678;43,65
2677;43,54
2676;43,43
2675;43,32
2674;43,21
2673;43,11
2672;43,02
2671;42,94
2670;42,87
2669;42,83
2668;42,8
2667;42,79
2666;42,8
2665;42,82
2664;42,86
2663;42,92
2662;42,98
2661;43,06
2660;43,15
2659;43,25
2658;43,37
2657;43,5
2656;43,64
2655;43,79
2654;43,94
2653;44,09
2652;44,25
2651;44,39
2650;44,53
2649;44,65
2648;44,75
2647;44,82
2646;44,86
2645;44,88
2644;44,87
2643;44,85
2642;44,81
2641;44,77
2640;44,73
2639;44,7
2638;44,69
2637;44,71
2636;44,78
2635;44,89
2634;45,07
2633;45,3
2632;45,6
2631;45,94
2630;46,31
2629;46,72
2628;47,13
2627;47,55
2626;47,98
2625;48,39
2624;48,8
2623;49,2
2622;49,6
2621;49,99
2620;50,37
2619;50,76
2618;51,14
2617;51,52
2616;51,9
2615;52,28
2614;52,65
2613;53,02
2612;53,38
2611;53,72
2610;54,07
2609;54,4
2608;54,72
2607;55,03
2606;55,34
2605;55,63
2604;55,91
2603;56,18
2602;56,44
2601;56,7
2600;56,95
2599;57,2
2598;57,45
2597;57,71
2596;57,98
2595;58,25
2594;58,54
2593;58,85
2592;59,16
2591;59,48
2590;59,81
2589;60,14
2588;60,47
2587;60,79
2586;61,11
2585;61,43
2584;61,73
2583;62,03
2582;62,33
2581;62,61
2580;62,89
2579;63,17
2578;63,44
2577;63,7
2576;63,96
2575;64,22
2574;64,47
2573;64,71
2572;64,95
2571;65,19
2570;65,41
2569;65,63
2568;65,84
2567;66,05
2566;66,25
2565;66,44
2564;66,62
2563;66,79
2562;66,95
2561;67,1
2560;67,25
2559;67,38
2558;67,5
2557;67,62
2556;67,72
2555;67,8
2554;67,88
2553;67,95
2552;68,02
2551;68,09
2550;68,17
2549;68,28
2548;68,43
2547;68,62
2546;68,84
2545;69,1
2544;69,36
2543;69,62
2542;69,85
2541;70,04
2540;70,19
2539;70,28
2538;70,32
2537;70,31
2536;70,26
2535;70,19
2534;70,09
2533;69,99
2532;69,9
2531;69,83
2530;69,78
2529;69,77
2528;69,79
2527;69,86
2526;69,98
2525;70,15
2524;70,37
2523;70,62
2522;70,89
2521;71,17
2520;71,44
2519;71,7
2518;71,93
2517;72,14
2516;72,34
2515;72,52
2514;72,68
2513;72,83
2512;72,97
2511;73,1
2510;73,22
2509;73,32
2508;73,42
2507;73,52
2506;73,61
2505;73,69
2504;73,76
2503;73,82
2502;73,88
2501;73,93
2500;73,98
2499;74,02
2498;74,07
2497;74,1
2496;74,14
2495;74,17
2494;74,2
2493;74,22
2492;74,24
2491;74,26
2490;74,27
2489;74,29
2488;74,3
2487;74,3
2486;74,3
2485;74,3
2484;74,29
2483;74,28
2482;74,27
2481;74,25
2480;74,23
2479;74,21
2478;74,18
2477;74,15
2476;74,13
2475;74,13
2474;74,18
2473;74,29
2472;74,46
2471;74,68
2470;74,93
2469;75,18
2468;75,42
2467;75,62
2466;75,8
2465;75,96
2464;76,11
2463;76,24
2462;76,36
2461;76,47
2460;76,58
2459;76,68
2458;76,77
2457;76,86
2456;76,94
2455;77,02
2454;77,09
2453;77,15
2452;77,21
2451;77,27
2450;77,33
2449;77,37
2448;77,42
2447;77,46
2446;77,49
2445;77,52
2444;77,54
2443;77,56
2442;77,57
2441;77,58
2440;77,58
2439;77,57
2438;77,56
2437;77,54
2436;77,51
2435;77,48
2434;77,45
2433;77,42
2432;77,38
2431;77,33
2430;77,28
2429;77,22
2428;77,16
2427;77,08
2426;76,98
2425;76,87
2424;76,75
2423;76,62
2422;76,48
2421;76,35
2420;76,23
2419;76,12
2418;76,04
2417;75,99
2416;75,97
2415;75,98
2414;76,02
2413;76,08
2412;76,16
2411;76,24
2410;76,33
2409;76,41
2408;76,48
2407;76,55
2406;76,6
2405;76,65
2404;76,69
2403;76,73
2402;76,76
2401;76,79
2400;76,82
2399;76,84
2398;76,86
2397;76,88
2396;76,9
2395;76,91
2394;76,93
2393;76,94
2392;76,95
2391;76,96
2390;76,98
2389;76,99
2388;76,99
2387;76,99
2386;76,99
2385;76,99
2384;76,98
2383;76,97
2382;76,95
2381;76,93
2380;76,9
2379;76,86
2378;76,82
2377;76,78
2376;76,73
2375;76,67
2374;76,62
2373;76,56
2372;76,49
2371;76,43
2370;76,36
2369;73,9
2368;73,87
2367;73,82
2366;73,74
2365;73,64
2364;73,51
2363;73,35
2362;73,17
2361;72,99
2360;72,79
2359;72,58
2358;72,38
2357;72,17
2356;71,95
2355;71,73
2354;73,42
2353;73,14
2352;72,88
2351;72,63
2350;72,4
2349;72,16
2348;71,91
2347;71,66
2346;71,42
2345;71,21
2344;71,04
2343;70,92
2342;70,83
2341;70,77
2340;70,73
2339;70,7
2338;70,68
2337;70,66
2336;70,64
2335;70,62
2334;70,6
2333;70,57
2332;70,54
2331;69,34
2330;69,23
2329;69,09
2328;68,95
2327;68,8
2326;68,72
2325;68,71
2324;68,8
2323;68,95
2322;69,1
2321;69,24
2320;71,56
2319;71,76
2318;71,95
2317;72,14
2316;72,32
2315;72,5
2314;72,67
2313;72,83
2312;72,98
2311;73,13
2310;73,28
2309;73,42
2308;73,55
2307;73,68
2306;73,8
2305;73,93
2304;74,05
2303;74,17
2302;74,29
2301;74,41
2300;74,52
2299;74,64
2298;74,75
2297;73,46
2296;73,67
2295;73,87
2294;74,07
2293;74,26
2292;74,45
2291;74,62
2290;74,78
2289;74,93
2288;75,07
2287;75,19
2286;75,31
2285;75,41
2284;75,5
2283;75,58
2282;75,65
2281;75,72
2280;75,78
2279;75,84
2278;75,9
2277;75,96
2276;76,03
2275;76,13
2274;76,24
2273;76,38
2272;76,54
2271;76,7
2270;76,87
2269;77,03
2268;77,18
2267;77,32
2266;77,43
2265;77,53
2264;77,6
2263;77,66
2262;77,71
2261;77,75
2260;77,78
2259;77,81
2258;77,83
2257;77,85
2256;77,87
2255;77,88
2254;77,89
2253;77,9
2252;77,91
2251;77,92
2250;77,92
2249;77,93
2248;77,93
2247;77,94
2246;77,95
2245;77,98
2244;78,02
2243;78,09
2242;78,19
2241;78,33
2240;78,49
2239;78,69
2238;78,9
2237;79,11
2236;79,31
2235;79,49
2234;79,65
2233;79,78
2232;79,88
2231;79,95
2230;79,99
2229;80,02
2228;80,02
2227;80,01
2226;79,99
2225;79,97
2224;79,94
2223;79,92
2222;79,92
2221;79,92
2220;79,94
2219;79,98
2218;80,02
2217;80,06
2216;80,1
2215;80,13
2214;80,17
2213;80,19
2212;80,21
2211;80,22
2210;80,23
2209;80,23
2208;80,23
2207;80,22
2206;80,21
2205;80,19
2204;80,16
2203;80,14
2202;80,1
2201;80,06
2200;80,02
2199;79,98
2198;79,93
2197;79,89
2196;79,84
2195;79,79
2194;79,74
2193;79,69
2192;79,64
2191;79,59
2190;79,54
2189;79,49
2188;79,44
2187;79,39
2186;79,35
2185;79,31
2184;79,28
2183;79,24
2182;79,22
2181;79,2
2180;79,18
2179;79,16
2178;79,14
2177;79,13
2176;79,11
2175;79,09
2174;79,07
2173;79,04
2172;79,01
2171;78,98
2170;78,94
2169;78,91
2168;78,86
2167;78,82
2166;78,77
2165;78,72
2164;78,67
2163;78,61
2162;78,56
2161;78,5
2160;78,44
2159;78,38
2158;78,32
2157;78,27
2156;78,22
2155;78,18
2154;78,16
2153;78,13
2152;78,12
2151;78,12
2150;78,13
2149;78,16
2148;78,21
2147;78,28
2146;78,37
2145;78,47
2144;78,59
2143;78,73
2142;78,87
2141;79,01
2140;79,15
2139;79,3
2138;79,45
2137;79,59
2136;79,73
2135;79,86
2134;79,99
2133;80,1
2132;80,2
2131;80,3
2130;80,39
2129;80,47
2128;80,54
2127;80,61
2126;80,67
2125;80,72
2124;80,77
2123;80,82
2122;80,87
2121;80,9
2120;80,93
2119;80,96
2118;80,99
2117;81,02
2116;81,04
2115;81,06
2114;81,08
2113;81,09
2112;81,1
2111;81,11
2110;81,11
2109;81,12
2108;81,12
2107;81,12
2106;81,12
2105;81,11
2104;81,11
2103;81,1
2102;81,1
2101;81,09
2100;81,08
2099;81,08
2098;81,07
2097;81,06
2096;81,03
2095;81,01
2094;80,99
2093;80,96
2092;80,94
2091;80,92
2090;80,9
2089;80,88
2088;80,85
2087;80,82
2086;80,8
2085;80,77
2084;80,74
2083;80,72
2082;80,69
2081;80,66
2080;80,63
2079;80,59
2078;80,55
2077;80,52
2076;80,48
2075;80,44
2074;80,4
2073;80,35
2072;80,3
2071;80,24
2070;80,17
2069;80,1
2068;80,05
2067;80,01
2066;79,96
2065;79,9
2064;79,84
2063;79,77
2062;79,7
2061;79,63
2060;79,55
2059;79,47
2058;79,39
2057;79,31
2056;79,22
2055;79,12
2054;79,03
2053;78,93
2052;78,83
2051;78,72
2050;78,61
2049;78,5
2048;78,37
2047;78,25
2046;78,11
2045;77,98
2044;77,85
2043;77,73
2042;77,6
2041;77,47
2040;77,32
2039;77,18
2038;77,03
2037;76,87
2036;76,71
2035;76,55
2034;76,39
2033;76,22
2032;76,05
2031;75,86
2030;75,67
2029;75,46
2028;75,23
2027;74,99
2026;74,73
2025;74,46
2024;74,18
2023;73,91
2022;73,67
2021;73,48
2020;73,36
2019;73,34
2018;73,43
2017;73,63
2016;73,96
2015;74,42
2014;74,97
2013;75,58
2012;76,18
2011;76,75
2010;77,27
2009;77,74
2008;78,15
2007;78,5
2006;78,81
2005;79,07
2004;79,3
2003;79,51
2002;79,69
2001;79,85
2000;80
1999;80,12
1998;80,22
1997;80,29
1996;80,37
1995;80,46
1994;80,57
1993;80,68
1992;80,76
1991;80,84
1990;80,93
1989;81
1988;81,06
1987;81,1
1986;81,14
1985;81,17
1984;81,19
1983;81,2
1982;81,22
1981;81,23
1980;81,23
1979;81,24
1978;81,24
1977;81,24
1976;81,24
1975;81,23
1974;81,22
1973;81,18
1972;81,13
1971;81,08
1970;81,06
1969;81,06
1968;81,05
1967;81,02
1966;80,98
1965;80,93
1964;80,89
1963;80,85
1962;80,81
1961;80,78
1960;80,74
1959;80,71
1958;80,7
1957;80,69
1956;80,68
1955;80,67
1954;80,67
1953;80,66
1952;80,65
1951;80,65
1950;80,64
1949;80,63
1948;80,62
1947;80,61
1946;80,6
1945;80,58
1944;80,5
1943;80,53
1942;80,54
1941;80,53
1940;80,53
1939;80,52
1938;80,5
1937;80,48
1936;80,46
1935;80,44
1934;80,42
1933;80,4
1932;80,36
1931;80,33
1930;80,29
1929;80,25
1928;80,2
1927;80,15
1926;79,94
1925;79,91
1924;79,88
1923;79,81
1922;79,74
1921;79,68
1920;79,64
1919;79,59
1918;79,5
1917;79,4
1916;79,29
1915;79,18
1914;79,06
1913;78,93
1912;78,8
1911;78,69
1910;78,57
1909;78,44
1908;78,29
1907;78,13
1906;77,96
1905;77,77
1904;77,57
1903;77,36
1902;77,14
1901;76,9
1900;76,67
1899;76,47
1898;76,33
1897;76,25
1896;76,21
1895;76,21
1894;76,26
1893;76,39
1892;76,61
1891;76,89
1890;77,18
1889;77,46
1888;77,71
1887;77,95
1886;78,14
1885;78,3
1884;78,41
1883;78,49
1882;78,56
1881;78,61
1880;78,64
1879;78,66
1878;78,67
1877;78,66
1876;78,63
1875;78,57
1874;78,49
1873;78,4
1872;78,35
1871;78,35
1870;78,37
1869;78,39
1868;78,4
1867;78,41
1866;78,43
1865;78,45
1864;78,47
1863;78,49
1862;78,52
1861;78,56
1860;78,61
1859;78,65
1858;78,7
1857;78,73
1856;78,76
1855;78,79
1854;78,8
1853;78,78
1852;78,75
1851;78,73
1850;78,72
1849;78,72
1848;78,72
1847;78,74
1846;78,76
1845;78,72
1844;78,64
1843;78,58
1842;78,53
1841;78,48
1840;78,41
1839;78,34
1838;78,26
1837;78,16
1836;78,04
1835;77,89
1834;77,73
1833;77,6
1832;77,49
1831;77,33
1830;77,12
1829;76,88
1828;76,69
1827;76,55
1826;76,4
1825;76,2
1824;75,98
1823;75,76
1822;75,56
1821;75,36
1820;75,18
1819;75,04
1818;74,91
1817;74,77
1816;74,62
1815;74,48
1814;74,38
1813;74,29
1812;74,2
1811;74,09
1810;73,99
1809;73,87
1808;73,72
1807;73,52
1806;73,29
1805;73,07
1804;72,9
1803;72,75
1802;72,58
1801;72,37
1800;72,12
1799;71,87
1798;71,63
1797;71,39
1796;71,12
1795;70,85
1794;70,58
1793;70,3
1792;69,98
1791;69,67
1790;69,36
1789;69,04
1788;68,72
1787;68,4
1786;68,05
1785;67,66
1784;67,26
1783;66,88
1782;66,5
1781;66,09
1780;65,62
1779;65,15
1778;64,66
1777;64,16
1776;63,63
1775;63,03
1774;62,32
1773;61,41
1772;60,36
1771;59,28
1770;58,17
1769;56,92
1768;55,4
1767;53,64
1766;51,74
1765;49,81
1764;47,86
1763;45,88
1762;43,92
1761;42,08
1760;40,36
1759;38,65
1758;36,72
1757;34,38
1756;31,65
1755;28,64
1754;25,39
1753;21,81
1752;17,84
1751;13,68
1750;9,75
1749;6,43
1748;3,89
1747;2,13
1746;1,04
1745;0,44
1744;0,16
1743;0,05
1742;0,02
1741;0,02
1740;0,02
1739;0,02
1738;0,01
1737;0,01
1736;0,02
1735;0,09
1734;0,21
1733;0,46
1732;0,9
1731;1,61
1730;2,68
1729;4,18
1728;6,15
1727;8,55
1726;11,29
1725;14,32
1724;17,56
1723;20,82
1722;23,92
1721;26,79
1720;29,5
1719;32,17
1718;34,82
1717;37,35
1716;39,63
1715;41,63
1714;43,39
1713;44,96
1712;46,39
1711;47,69
1710;48,86
1709;49,9
1708;50,83
1707;51,67
1706;52,38
1705;52,92
1704;53,3
1703;53,56
1702;53,7
1701;53,7
1700;53,73
1699;53,97
1698;54,43
1697;55,01
1696;55,72
1695;56,59
1694;57,52
1693;58,44
1692;59,37
1691;60,38
1690;61,42
1689;62,41
1688;63,26
1687;64
1686;64,7
1685;65,29
1684;65,84
1683;66,41
1682;66,96
1681;67,46
1680;67,87
1679;68,23
1678;68,53
1677;68,79
1676;68,96
1675;69,09
1674;69,23
1673;69,38
1672;69,54
1671;69,69
1670;69,78
1669;69,83
1668;69,88
1667;69,93
1666;69,96
1665;69,96
1664;69,9
1663;69,8
1662;69,66
1661;69,51
1660;69,36
1659;69,2
1658;69,03
1657;68,85
1656;68,72
1655;68,45
1654;67,58
1653;66,15
1652;64,62
1651;63,26
1650;62,03
1649;60,77
1648;59,46
1647;58,32
1646;57,79
1645;58,09
1644;59,08
1643;60,5
1642;62,05
1641;63,55
1640;64,87
1639;65,99
1638;66,93
1637;67,63
1636;68,07
1635;68,36
1634;68,58
1633;68,74
1632;68,84
1631;68,9
1630;68,95
1629;69
1628;69,07
1627;69,19
1626;69,36
1625;69,58
1624;69,8
1623;70,03
1622;70,31
1621;70,61
1620;70,91
1619;71,16
1618;71,31
1617;71,36
1616;71,41
1615;71,51
1614;71,64
1613;71,75
1612;71,81
1611;71,87
1610;71,92
1609;71,96
1608;71,97
1607;71,97
1606;71,97
1605;71,95
1604;71,92
1603;71,89
1602;71,86
1601;71,8
1600;71,72
1599;71,65
1598;71,57
1597;71,48
1596;71,4
1595;71,33
1594;71,25
1593;71,17
1592;71,1
1591;71,03
1590;70,95
1589;70,86
1588;70,76
1587;70,67
1586;70,57
1585;70,47
1584;70,36
1583;70,25
1582;70,14
1581;70,03
1580;69,94
1579;69,86
1578;69,69
1577;69,36
1576;68,92
1575;68,52
1574;68,22
1573;67,95
1572;67,69
1571;67,41
1570;67,1
1569;66,79
1568;66,57
1567;66,46
1566;66,42
1565;66,4
1564;66,38
1563;66,33
1562;66,27
1561;66,28
1560;66,18
1559;65,9
1558;65,69
1557;65,61
1556;65,6
1555;65,57
1554;65,49
1553;65,41
1552;65,42
1551;65,5
1550;65,53
1549;65,46
1548;65,33
1547;65,22
1546;65,14
1545;65,06
1544;64,93
1543;64,77
1542;64,56
1541;64,15
1540;63,49
1539;62,8
1538;62,24
1537;61,81
1536;61,48
1535;61,24
1534;61,04
1533;60,89
1532;60,83
1531;60,88
1530;61
1529;61,19
1528;61,43
1527;61,7
1526;61,96
1525;62,15
1524;62,29
1523;62,43
1522;62,49
1521;62,41
1520;62,3
1519;62,26
1518;62,24
1517;62,16
1516;62
1515;61,8
1514;61,56
1513;61,24
1512;60,87
1511;60,54
1510;60,32
1509;60,24
1508;60,08
1507;59,62
1506;58,97
1505;58,32
1504;57,75
1503;57,25
1502;56,72
1501;56,09
1500;55,38
1499;54,64
1498;53,84
1497;52,88
1496;51,79
1495;50,71
1494;49,65
1493;48,57
1492;47,49
1491;46,4
1490;45,27
1489;44,05
1488;42,75
1487;41,39
1486;39,9
1485;38,2
1484;36,28
1483;34,08
1482;31,47
1481;28,3
1480;24,61
1479;20,48
1478;15,94
1477;11,25
1476;7
1475;3,74
1474;1,65
1473;0,57
1472;0,16
1471;0,06
1470;0,04
1469;0,02
1468;0,02
1467;0,02
1466;0,02
1465;0,01
1464;0,01
1463;0,02
1462;0,05
1461;0,1
1460;0,18
1459;0,31
1458;0,48
1457;0,71
1456;1,04
1455;1,5
1454;2,06
1453;2,73
1452;3,48
1451;4,27
1450;5,01
1449;5,67
1448;6,26
1447;6,77
1446;7,2
1445;7,57
1444;7,91
1443;8,25
1442;8,59
1441;8,93
1440;9,3
1439;9,73
1438;10,26
1437;10,91
1436;11,75
1435;12,73
1434;13,85
1433;15,13
1432;16,66
1431;18,43
1430;20,38
1429;22,41
1428;24,43
1427;26,38
1426;28,27
1425;30,13
1424;31,93
1423;33,57
1422;35,01
1421;36,35
1420;37,67
1419;38,98
1418;40,23
1417;41,38
1416;42,44
1415;43,39
1414;44,26
1413;45,08
1412;45,85
1411;46,52
1410;47,08
1409;47,54
1408;47,91
1407;48,18
1406;48,37
1405;48,49
1404;48,51
1403;48,39
1402;48,18
1401;47,93
1400;47,61
1399;47,21
1398;46,77
1397;46,31
1396;45,77
1395;45,07
1394;44,16
1393;43,11
1392;41,92
1391;40,55
1390;38,99
1389;37,19
1388;35,08
1387;32,62
1386;29,9
1385;26,99
1384;23,9
1383;20,65
1382;17,38
1381;14,33
1380;11,7
1379;9,62
1378;8,11
1377;7,07
1376;6,33
1375;5,73
1374;5,2
1373;4,77
1372;4,44
1371;4,26
1370;4,26
1369;4,45
1368;4,82
1367;5,36
1366;6,05
1365;6,88
1364;7,87
1363;9
1362;10,24
1361;11,52
1360;12,78
1359;13,98
1358;15,09
1357;16,1
1356;17,02
1355;17,88
1354;18,75
1353;19,72
1352;20,86
1351;22,24
1350;23,88
1349;25,72
1348;27,7
1347;29,74
1346;31,74
1345;33,62
1344;35,34
1343;36,89
1342;38,3
1341;39,66
1340;40,98
1339;42,28
1338;43,52
1337;44,68
1336;45,69
1335;46,54
1334;47,19
1333;47,66
1332;47,95
1331;48,07
1330;48,06
1329;47,94
1328;47,72
1327;47,42
1326;47,05
1325;46,61
1324;46,11
1323;45,54
1322;44,91
1321;44,21
1320;43,47
1319;42,7
1318;41,89
1317;41,08
1316;40,25
1315;39,43
1314;38,62
1313;37,83
1312;37,09
1311;36,42
1310;35,85
1309;35,38
1308;35
1307;34,69
1306;34,43
1305;34,2
1304;34
1303;33,81
1302;33,65
1301;33,53
1300;33,46
1299;33,42
1298;33,42
1297;33,44
1296;33,48
1295;33,51
1294;33,55
1293;33,56
1292;33,54
1291;33,48
1290;33,36
1289;33,19
1288;32,95
1287;32,65
1286;32,28
1285;31,86
1284;31,37
1283;30,83
1282;30,24
1281;29,58
1280;28,86
1279;28,08
1278;27,22
1277;26,29
1276;25,3
1275;24,24
1274;23,14
1273;22
1272;20,82
1271;19,58
1270;18,3
1269;16,96
1268;15,56
1267;14,12
1266;12,66
1265;11,2
1264;9,76
1263;8,37
1262;7,06
1261;5,84
1260;4,73
1259;3,76
1258;2,93
1257;2,22
1256;1,65
1255;1,19
1254;0,84
1253;0,58
1252;0,38
1251;0,24
1250;0,15
1249;0,1
1248;0,05
1247;0,03
1246;0,02
1245;0,01
1244;0,01
1243;0,01
1242;0,01
1241;0,01
1240;0,01
1239;0,01
1238;0,01
1237;0,02
1236;0,03
1235;0,06
1234;0,12
1233;0,21
1232;0,35
1231;0,58
1230;0,92
1229;1,38
1228;1,97
1227;2,7
1226;3,58
1225;4,57
1224;5,65
1223;6,78
1222;7,96
1221;9,14
1220;10,3
1219;11,46
1218;12,6
1217;13,71
1216;14,82
1215;15,93
1214;17,05
1213;18,2
1212;19,36
1211;20,52
1210;21,67
1209;22,77
1208;23,82
1207;24,81
1206;25,74
1205;26,58
1204;27,35
1203;28,05
1202;28,68
1201;29,24
1200;29,74
1199;30,19
1198;30,6
1197;30,98
1196;31,34
1195;31,7
1194;32,05
1193;32,41
1192;32,75
1191;33,07
1190;33,35
1189;33,59
1188;33,78
1187;33,92
1186;34,01
1185;34,04
1184;34,03
1183;33,96
1182;33,85
1181;33,68
1180;33,47
1179;33,24
1178;33,03
1177;32,89
1176;32,8
1175;32,73
1174;32,63
1173;32,49
1172;32,29
1171;32,07
1170;31,83
1169;31,58
1168;31,32
1167;31,06
1166;30,8
1165;30,53
1164;30,27
1163;30,01
1162;29,75
1161;29,49
1160;29,24
1159;28,98
1158;28,72
1157;28,45
1156;28,17
1155;27,88
1154;27,58
1153;27,26
1152;26,94
1151;26,62
1150;26,33
1149;26,06
1148;25,84
1147;25,67
1146;25,55
1145;25,48
1144;25,44
1143;25,43
1142;25,43
1141;25,42
1140;25,4
1139;25,36
1138;25,29
1137;25,19
1136;25,07
1135;24,93
1134;24,77
1133;24,6
1132;24,43
1131;24,28
1130;24,14
1129;24,05
1128;23,98
1127;23,95
1126;23,95
1125;23,96
1124;23,96
1123;23,97
1122;23,98
1121;23,98
1120;23,98
1119;23,99
1118;24
1117;24,02
1116;24,03
1115;24,04
1114;24,04
1113;24,04
1112;24,03
1111;24
1110;23,97
1109;23,91
1108;23,83
1107;23,74
1106;23,63
1105;23,49
1104;23,34
1103;23,18
1102;23,01
1101;22,83
1100;22,65
1099;22,47
1098;22,29
1097;22,12
1096;21,95
1095;21,8
1094;21,66
1093;21,53
1092;21,41
1091;21,32
1090;21,24
1089;21,18
1088;21,13
1087;21,09
1086;21,06
1085;21,02
1084;20,97
1083;20,94
1082;20,93
1081;20,94
1080;20,95
1079;20,98
1078;21
1077;21,02
1076;21,02
1075;21
1074;20,96
1073;20,9
1072;20,82
1071;20,72
1070;20,62
1069;20,51
1068;20,41
1067;20,3
1066;20,19
1065;20,07
1064;19,94
1063;19,82
1062;19,69
1061;19,55
1060;19,39
1059;19,21
1058;19
1057;18,75
1056;18,45
1055;18,12
1054;17,73
1053;17,29
1052;16,82
1051;16,34
1050;15,89
1049;15,48
1048;15,12
1047;14,8
1046;14,53
1045;14,31
1044;14,15
1043;14,04
1042;13,97
1041;13,88
1040;13,77
1039;13,61
1038;13,39
1037;13,09
1036;12,71
1035;12,27
1034;11,75
1033;11,16
1032;10,5
1031;9,8
1030;9,06
1029;8,31
1028;7,56
1027;6,83
1026;6,16
1025;5,56
1024;5,05
1023;4,65
1022;4,38
1021;4,25
1020;4,25
1019;4,41
1018;4,75
1017;5,24
1016;5,92
1015;6,76
1014;7,76
1013;8,87
1012;10,07
1011;11,32
1010;12,57
1009;13,81
1008;15
1007;16,13
1006;17,18
1005;18,15
1004;19,03
1003;19,84
1002;20,57
1001;21,25
1000;21,86
999;22,44
998;22,97
997;23,46
996;23,92
995;24,35
994;24,76
993;25,16
992;25,53
991;25,89
990;26,24
989;26,57
988;26,88
987;27,18
986;27,45
985;27,7
984;27,92
983;28,13
982;28,33
981;28,53
980;28,71
979;28,88
978;29,03
977;29,17
976;29,29
975;29,39
974;29,48
973;29,55
972;29,59
971;29,62
970;29,62
969;29,6
968;29,58
967;29,55
966;29,54
965;29,55
964;29,59
963;29,67
962;29,79
961;29,96
960;30,17
959;30,43
958;30,74
957;31,1
956;31,49
955;31,92
954;32,36
953;32,83
952;33,29
951;33,76
950;34,24
949;34,72
948;35,22
947;35,72
946;36,21
945;36,66
944;37,05
943;37,37
942;37,63
941;37,84
940;38,03
939;38,23
938;38,46
937;38,77
936;39,18
935;39,74
934;40,44
933;41,3
932;42,29
931;43,38
930;44,53
929;45,7
928;46,84
927;47,92
926;48,92
925;49,82
924;50,64
923;51,36
922;52
921;52,58
920;53,12
919;53,6
918;54,04
917;54,43
916;54,78
915;55,08
914;55,33
913;55,54
912;55,71
911;55,86
910;56,01
909;56,19
908;56,43
907;56,74
906;57,08
905;57,43
904;57,76
903;58,05
902;58,3
901;58,52
900;58,71
899;58,87
898;59
897;59,1
896;59,19
895;59,27
894;59,35
893;59,42
892;59,51
891;59,59
890;59,69
889;59,82
888;60
887;60,24
886;60,51
885;60,8
884;61,09
883;61,35
882;61,57
881;61,77
880;61,95
879;62,09
878;62,2
877;62,29
876;62,34
875;62,38
874;62,39
873;62,4
872;62,4
871;62,4
870;62,39
869;62,41
868;62,47
867;62,59
866;62,79
865;63,06
864;63,36
863;63,68
862;63,96
861;64,23
860;64,47
859;64,7
858;64,92
857;65,14
856;65,36
855;65,57
854;65,77
853;65,97
852;66,17
851;66,36
850;66,54
849;66,72
848;66,9
847;67,08
846;67,25
845;67,43
844;67,61
843;67,77
842;67,92
841;68,06
840;68,21
839;68,37
838;68,55
837;68,73
836;68,92
835;69,1
834;69,26
833;69,42
832;69,57
831;69,72
830;69,86
829;70,01
828;70,14
827;70,26
826;70,37
825;70,47
824;70,55
823;70,6
822;70,6
821;70,57
820;70,5
819;70,38
818;70,21
817;70
816;69,75
815;69,42
814;69,02
813;68,57
812;68,1
811;67,65
810;67,25
809;66,89
808;66,54
807;66,15
806;65,7
805;65,22
804;64,73
803;64,25
802;63,79
801;63,36
800;62,98
799;62,65
798;62,38
797;62,18
796;62,03
795;61,92
794;61,86
793;61,86
792;61,91
791;62,01
790;62,13
789;62,27
788;62,39
787;62,49
786;62,55
785;62,57
784;62,54
783;62,44
782;62,29
781;62,1
780;61,88
779;61,65
778;61,41
777;61,16
776;60,91
775;60,66
774;60,42
773;60,22
772;60,08
771;59,99
770;59,96
769;59,97
768;60,04
767;60,13
766;60,22
765;60,32
764;60,4
763;60,45
762;60,45
761;60,41
760;60,34
759;60,22
758;60,05
757;59,83
756;59,56
755;59,21
754;58,79
753;58,3
752;57,76
751;57,18
750;56,53
749;55,82
748;55,03
747;54,17
746;53,22
745;52,2
744;51,09
743;49,86
742;48,46
741;46,84
740;44,95
739;42,71
738;40
737;36,63
736;32,42
735;27,18
734;21,02
733;14,56
732;8,8
731;4,71
730;2,68
729;2,42
728;3,19
727;4,18
726;4,8
725;4,8
724;4,22
723;3,27
722;2,24
721;1,39
720;1,04
719;1,46
718;2,86
717;5,37
716;8,89
715;13,09
714;17,57
713;22,04
712;26,36
711;30,44
710;34,27
709;37,82
708;41,09
707;44,07
706;46,76
705;49,19
704;51,41
703;53,41
702;55,22
701;56,83
700;58,28
699;59,59
698;60,76
697;61,84
696;62,85
695;63,79
694;64,65
693;65,46
692;66,23
691;66,96
690;67,66
689;68,36
688;69,05
687;69,71
686;70,32
685;70,88
684;71,42
683;71,91
682;72,36
681;72,76
680;73,11
679;73,4
678;73,64
677;73,86
676;74,06
675;74,24
674;74,35
673;74,46
672;74,51
671;74,51
670;74,45
669;74,39
668;74,43
667;74,6
666;74,78
665;74,92
664;74,98
663;75,16
662;75,05
661;74,94
660;74,87
659;74,76
658;74,61
657;74,42
656;74,18
655;73,84
654;73,39
653;72,83
652;72,16
651;71,41
650;70,59
649;69,74
648;68,89
647;68,08
646;67,37
645;66,79
644;66,38
643;66,14
642;66,07
641;66,16
640;66,38
639;66,69
638;67,03
637;67,34
636;67,55
635;67,6
634;67,46
633;67,14
632;66,67
631;66,15
630;65,7
629;65,4
628;65,31
627;65,41
626;65,69
625;66,05
624;66,44
623;66,77
622;67,01
621;67,15
620;67,14
619;66,9
618;66,39
617;65,55
616;64,36
615;62,77
614;60,75
613;58,32
612;55,66
611;53,11
610;51,09
609;49,91
608;49,76
607;50,63
606;52,33
605;54,55
604;56,92
603;59,15
602;61,06
601;62,57
600;63,73
599;64,61
598;65,32
597;65,96
596;66,58
595;67,17
594;67,69
593;68,12
592;68,45
591;68,7
590;68,88
589;69,04
588;69,19
587;69,32
586;69,41
585;69,46
584;69,48
583;69,49
582;69,54
581;69,63
580;69,75
579;69,84
578;69,9
577;69,97
576;70,11
575;70,32
574;70,57
573;70,81
572;71,02
571;71,19
570;71,37
569;71,61
568;71,92
567;72,26
566;72,6
565;72,92
564;73,21
563;73,5
562;73,8
561;74,12
560;74,42
559;74,67
558;74,83
557;74,94
556;75,01
555;75,05
554;75,02
553;74,89
552;74,66
551;74,31
550;73,88
549;73,4
548;72,91
547;72,42
546;71,93
545;71,43
544;70,92
543;70,43
542;70,04
541;69,8
540;69,7
539;69,67
538;69,65
537;69,64
536;69,7
535;69,86
534;70,1
533;70,38
532;70,61
531;70,76
530;70,82
529;70,86
528;70,92
527;70,99
526;71,03
525;70,96
524;70,77
523;70,47
522;70,12
521;69,77
520;69,42
519;69
518;68,51
517;67,99
516;67,51
515;67,08
514;66,69
513;66,31
512;65,9
511;65,43
510;64,95
509;64,54
508;64,27
507;64,15
506;64,1
505;64,03
504;63,92
503;63,82
502;63,8
501;63,87
500;63,96
499;63,97
498;63,84
497;63,55
496;63,17
495;62,77
494;62,41
493;62,12
492;61,82
491;61,41
490;60,86
489;60,25
488;59,7
487;59,25
486;58,86
485;58,45
484;57,94
483;57,32
482;56,69
481;56,14
480;55,7
479;55,28
478;54,8
477;54,19
476;53,52
475;52,92
474;52,56
473;52,47
472;52,53
471;52,58
470;52,62
469;52,81
468;53,28
467;54,05
466;54,93
465;55,74
464;56,32
463;56,69
462;57,01
461;57,46
460;58,08
459;58,77
458;59,33
457;59,59
456;59,55
455;59,37
454;59,31
453;59,49
452;59,81
451;60
450;59,89
